,username,is_quoted_tweet,is_retweeted_tweet,tweet_id,created_at,text,hashtags,like_count,reply_count,retweet_count,referenced_tweets,context_annotations,entity_annotations
0,yumbrands,False,False,1585371056118067200,2022-10-26 20:41:29+00:00,"Former Yum! CEO, Greg Creed, recently visited @UofLbiz to give a talk about the importance of branding and franchising, along with some lessons in leadership. Read more about Creedâ€™s visit to the university: https://t.co/Q9bKw297KB",,7,2,2,,"{('47', 'Brand', 'Yum! Brands'), ('131', 'Unified Twitter Taxonomy', 'S&P 500'), ('131', 'Unified Twitter Taxonomy', 'Yum! Brands')}","{('Person', 'Greg Creed'), ('Other', 'Creed')}"
1,yumbrands,False,False,1583464063614431233,2022-10-21 14:23:46+00:00,"The Yum! Brands Foundation, @USAID and Gamma Pizzakraft Lanka, the operator of Pizza Hut in Sri Lanka, have launched a vocational training kitchen at the Technical College in Kuliyapitiy. Read more about the center here: https://t.co/SDGiOCaZMi",,2,0,1,,"{('131', 'Unified Twitter Taxonomy', 'Pizza Hut'), ('30', 'Entities [Entity Service]', 'Fast food Restaurants'), ('66', 'Interests and Hobbies Category', 'Cuisines'), ('30', 'Entities [Entity Service]', 'QSR - Dining'), ('47', 'Brand', 'Pizza Hut'), ('30', 'Entities [Entity Service]', 'Non-profit - Government/Education'), ('30', 'Entities [Entity Service]', 'Food'), ('47', 'Brand', 'USAID'), ('152', 'Food', 'Fast food Restaurants'), ('45', 'Brand Vertical', 'Dining'), ('46', 'Business Taxonomy', 'Food & Beverage Business'), ('131', 'Unified Twitter Taxonomy', 'Yum! Brands'), ('45', 'Brand Vertical', 'Government/Education'), ('47', 'Brand', 'Yum! Brands'), ('131', 'Unified Twitter Taxonomy', 'S&P 500')}","{('Place', 'Kuliyapitiy'), ('Organization', 'College'), ('Other', 'Gamma Pizzakraft Lanka'), ('Place', 'Sri Lanka'), ('Other', 'Pizza Hut'), ('Other', 'Brands Foundation')}"
2,yumbrands,False,False,1578387844405596160,2022-10-07 14:12:41+00:00,"Happy 25th anniversary to us! Take a look back at how weâ€™ve been building the worldâ€™s most loved, trusted and fastest growing restaurant brands over the last 25 years: https://t.co/9MUekHOn7c  

#Yum25 https://t.co/TbPugD0hKj",{'Yum25'},10,3,1,,"{('47', 'Brand', 'Yum! Brands'), ('131', 'Unified Twitter Taxonomy', 'S&P 500'), ('131', 'Unified Twitter Taxonomy', 'Yum! Brands')}","{('Other', 'Yum25')}"
3,yumbrands,False,False,1577720634645385225,2022-10-05 18:01:26+00:00,"In celebration of Hispanic/Latin Heritage Month, @tacobell is amplifying the voices of employees within the Hispanic/Latin community. Read Operations Consultant Blanca V.â€™s story here: https://t.co/tb35q4Y8U7 https://t.co/tHJHMhM8Su",,5,0,2,,"{('30', 'Entities [Entity Service]', 'QSR - Dining'), ('131', 'Unified Twitter Taxonomy', 'Taco Bell'), ('30', 'Entities [Entity Service]', 'Food'), ('152', 'Food', 'Fast food Restaurants'), ('47', 'Brand', 'Taco Bell'), ('45', 'Brand Vertical', 'Dining'), ('46', 'Business Taxonomy', 'Food & Beverage Business'), ('131', 'Unified Twitter Taxonomy', 'Yum! Brands'), ('47', 'Brand', 'Yum! Brands'), ('131', 'Unified Twitter Taxonomy', 'S&P 500')}","{('Person', 'Blanca V.')}"
4,yumbrands,False,False,1577410928164888578,2022-10-04 21:30:46+00:00,"Celebrate #NationalTacoDay with @tacobell! Get 30 days of tacos with the Taco Loverâ€™s Pass, available today on the Taco Bell app: https://t.co/kiCj3EVcUz https://t.co/4mL3hFBSeT",{'NationalTacoDay'},4,0,0,,"{('30', 'Entities [Entity Service]', 'Fast food Restaurants'), ('66', 'Interests and Hobbies Category', 'Cuisines'), ('109', 'Reoccurring Trends', 'National Taco Day'), ('30', 'Entities [Entity Service]', 'QSR - Dining'), ('131', 'Unified Twitter Taxonomy', 'Taco Bell'), ('29', 'Events [Entity Service]', 'National Taco Day 2022'), ('30', 'Entities [Entity Service]', 'Food'), ('152', 'Food', 'Fast food Restaurants'), ('131', 'Unified Twitter Taxonomy', 'Tacos'), ('45', 'Brand Vertical', 'Dining'), ('46', 'Business Taxonomy', 'Food & Beverage Business'), ('47', 'Brand', 'Taco Bell'), ('131', 'Unified Twitter Taxonomy', 'Yum! Brands'), ('47', 'Brand', 'Yum! Brands'), ('29', 'Events [Entity Service]', 'National Taco Day'), ('131', 'Unified Twitter Taxonomy', 'S&P 500')}","{('Other', 'Taco Loverâ€™s Pass'), ('Other', 'NationalTacoDay'), ('Organization', 'Taco Bell')}"
5,yumbrands,False,False,1577301399699951622,2022-10-04 14:15:33+00:00,"Global Diversity Awareness Month is an opportunity to make room for all people â€” their cultures, experiences, abilities and other attributes that contribute to the richness of our communities. We hope youâ€™ll take time this month to appreciate the value diversity provides. https://t.co/nLUNsqwb7w",,3,0,0,,"{('47', 'Brand', 'Yum! Brands'), ('131', 'Unified Twitter Taxonomy', 'S&P 500'), ('131', 'Unified Twitter Taxonomy', 'Yum! Brands')}",
6,yumbrands,False,False,1577014777217712128,2022-10-03 19:16:37+00:00,"The #UnlockingOpportunityInitiative is Yum!â€™s $100 million commitment over five years to tackle inequality through social purpose programming across our four brands. Read more about the programs and how our brands are bringing our social purpose to life.
https://t.co/RX35tVw0Tc https://t.co/tp404atba1",{'UnlockingOpportunityInitiative'},4,0,2,,"{('47', 'Brand', 'Yum! Brands'), ('131', 'Unified Twitter Taxonomy', 'S&P 500'), ('131', 'Unified Twitter Taxonomy', 'Yum! Brands')}","{('Other', 'Yum')}"
7,yumbrands,False,False,1573318824795181060,2022-09-23 14:30:13+00:00,"The @tacobell Foundation and @Ashoka launched the Ambition Accelerator earlier this year. Read about the 25 ventures that have been selected to receive $1,000 in seed funding: https://t.co/dLWYS0e8yO https://t.co/7ISjjlTdI4",,5,0,0,,"{('30', 'Entities [Entity Service]', 'Fast food Restaurants'), ('66', 'Interests and Hobbies Category', 'Cuisines'), ('30', 'Entities [Entity Service]', 'QSR - Dining'), ('131', 'Unified Twitter Taxonomy', 'Taco Bell'), ('30', 'Entities [Entity Service]', 'Food'), ('152', 'Food', 'Fast food Restaurants'), ('47', 'Brand', 'Taco Bell'), ('45', 'Brand Vertical', 'Dining'), ('46', 'Business Taxonomy', 'Food & Beverage Business'), ('131', 'Unified Twitter Taxonomy', 'Yum! Brands'), ('47', 'Brand', 'Yum! Brands'), ('131', 'Unified Twitter Taxonomy', 'S&P 500')}","{('Other', 'Ambition Accelerator')}"
8,yumbrands,False,False,1572672980919910408,2022-09-21 19:43:52+00:00,"In celebration of Colonel Sandersâ€™ birthday this month, the KFC Foundation has awarded a total of $500,000 in Kentucky Fried Wishes grants to 50 nonprofit organizations across 25 U.S. states. Read more about how this program impacts local communities: 
https://t.co/N2ZViU678A https://t.co/mlLb434Pth",,4,0,3,,"{('30', 'Entities [Entity Service]', 'QSR - Dining'), ('131', 'Unified Twitter Taxonomy', 'KFC'), ('30', 'Entities [Entity Service]', 'Food'), ('152', 'Food', 'Fast food Restaurants'), ('45', 'Brand Vertical', 'Dining'), ('46', 'Business Taxonomy', 'Food & Beverage Business'), ('47', 'Brand', 'KFC'), ('131', 'Unified Twitter Taxonomy', 'Yum! Brands'), ('47', 'Brand', 'Yum! Brands'), ('46', 'Business Taxonomy', 'Financial Services Business'), ('131', 'Unified Twitter Taxonomy', 'S&P 500')}","{('Organization', 'KFC Foundation'), ('Other', 'Kentucky Fried Wishes'), ('Place', '.S'), ('Person', 'Colonel Sanders')}"
9,yumbrands,False,False,1572229185971654656,2022-09-20 14:20:23+00:00,"Weâ€™re committed to reducing, reusing and recycling the waste generated at our restaurants. To kick off UNâ€™s #GlobalGoals Week, we reflect on our goal to divert 50% of waste from our U.S. restaurants by 2025. Learn more in our #YumRecipeForGood report: https://t.co/x6XtqnJvQw https://t.co/Dp2wXImeD3","{'GlobalGoals', 'YumRecipeForGood'}",1,0,1,,"{('131', 'Unified Twitter Taxonomy', 'Politics'), ('131', 'Unified Twitter Taxonomy', 'Political issues'), ('131', 'Unified Twitter Taxonomy', 'Global Environmental Issues'), ('131', 'Unified Twitter Taxonomy', 'Yum! Brands'), ('47', 'Brand', 'Yum! Brands'), ('131', 'Unified Twitter Taxonomy', 'S&P 500')}","{('Place', 'UN'), ('Other', 'GlobalGoals'), ('Place', 'U.S.')}"
10,yumbrands,False,False,1571895110379474945,2022-09-19 16:12:53+00:00,"KFC U.K. &amp; Ireland teamed up with U.K. Youth to launch a new youth employability program called ""Hatch."" The program provides one-on-one support, group training and work experience placements for disadvantaged youth aged 16 to 24. Read more: https://t.co/p945GYS4Sr",,4,0,0,,"{('30', 'Entities [Entity Service]', 'QSR - Dining'), ('131', 'Unified Twitter Taxonomy', 'KFC'), ('30', 'Entities [Entity Service]', 'Food'), ('152', 'Food', 'Fast food Restaurants'), ('45', 'Brand Vertical', 'Dining'), ('46', 'Business Taxonomy', 'Food & Beverage Business'), ('47', 'Brand', 'KFC'), ('131', 'Unified Twitter Taxonomy', 'Yum! Brands'), ('47', 'Brand', 'Yum! Brands'), ('131', 'Unified Twitter Taxonomy', 'S&P 500')}","{('Organization', 'KFC'), ('Place', 'Ireland'), ('Organization', 'U.K. Youth'), ('Place', 'U.K.'), ('Place', 'Hatch')}"
11,yumbrands,False,False,1570835602874179586,2022-09-16 18:02:47+00:00,"As the UN #GlobalGoals Week kicks off, itâ€™s a reminder of how important it is to work together to solve the issues facing the world today. At Yum!, weâ€™re more committed than ever to creating a better and more sustainable future for all. Read more: https://t.co/x6XtqnK3G4 https://t.co/MqmrKQOQtz",{'GlobalGoals'},4,2,3,,"{('131', 'Unified Twitter Taxonomy', 'Politics'), ('131', 'Unified Twitter Taxonomy', 'United Nations'), ('30', 'Entities [Entity Service]', 'Non-profit - Government/Education'), ('131', 'Unified Twitter Taxonomy', 'Political issues'), ('47', 'Brand', 'United Nations'), ('131', 'Unified Twitter Taxonomy', 'Government institutions'), ('88', 'Political Body', 'United Nations'), ('131', 'Unified Twitter Taxonomy', 'Yum! Brands'), ('131', 'Unified Twitter Taxonomy', 'Global Environmental Issues'), ('45', 'Brand Vertical', 'Government/Education'), ('47', 'Brand', 'Yum! Brands'), ('131', 'Unified Twitter Taxonomy', 'S&P 500')}","{('Place', 'UN'), ('Other', 'GlobalGoals'), ('Other', 'Yum')}"
12,yumbrands,False,False,1570405287621787648,2022-09-15 13:32:51+00:00,Hispanic / Latin Heritage Month is a great reminder of the impact that the Hispanic &amp; Latin communities have had on our business &amp; brands â€“ both as customers &amp; leaders within Yum! We thank &amp; celebrate everyone in these communities &amp; the value they bring to everything we do. https://t.co/HxnFx1yLj7,,6,1,1,,"{('47', 'Brand', 'Yum! Brands'), ('131', 'Unified Twitter Taxonomy', 'S&P 500'), ('131', 'Unified Twitter Taxonomy', 'Yum! Brands')}","{('Other', 'Hispanic'), ('Other', 'Month')}"
13,yumbrands,False,False,1569782457142054912,2022-09-13 20:17:57+00:00,"Weâ€™re exploring #renewable energy options for our restaurants. In Australia, 43 KFC restaurants are partially powered by rooftop solar panels. Read more about our commitment to clean energy innovation in the #YumRecipeForGood report: https://t.co/x6XtqnJvQw https://t.co/UwEw5QNtRf","{'renewable', 'YumRecipeForGood'}",2,1,1,,"{('30', 'Entities [Entity Service]', 'Technology'), ('131', 'Unified Twitter Taxonomy', 'Climate change'), ('131', 'Unified Twitter Taxonomy', 'Technology'), ('30', 'Entities [Entity Service]', 'QSR - Dining'), ('131', 'Unified Twitter Taxonomy', 'KFC'), ('30', 'Entities [Entity Service]', 'Energy Technology'), ('30', 'Entities [Entity Service]', 'Food'), ('152', 'Food', 'Fast food Restaurants'), ('45', 'Brand Vertical', 'Dining'), ('46', 'Business Taxonomy', 'Food & Beverage Business'), ('165', 'Technology', 'Technology'), ('46', 'Business Taxonomy', 'Technology Business'), ('47', 'Brand', 'KFC'), ('131', 'Unified Twitter Taxonomy', 'Renewable energy'), ('131', 'Unified Twitter Taxonomy', 'Yum! Brands'), ('47', 'Brand', 'Yum! Brands'), ('131', 'Unified Twitter Taxonomy', 'S&P 500')}","{('Organization', 'KFC'), ('Place', 'Australia'), ('Other', 'YumRecipeForGood')}"
14,yumbrands,False,False,1567612683981029380,2022-09-07 20:36:03+00:00,"Even as we near our 25th anniversary, our brands continue to expand into new markets, making our food accessible to new customers and creating opportunity for franchisees and employees in new localities. Congrats to KFC for opening its first restaurant in Bosnia and Herzegovina! https://t.co/LIoToaMHlD",,12,4,4,,"{('30', 'Entities [Entity Service]', 'QSR - Dining'), ('131', 'Unified Twitter Taxonomy', 'KFC'), ('30', 'Entities [Entity Service]', 'Food'), ('152', 'Food', 'Fast food Restaurants'), ('45', 'Brand Vertical', 'Dining'), ('46', 'Business Taxonomy', 'Food & Beverage Business'), ('47', 'Brand', 'KFC'), ('131', 'Unified Twitter Taxonomy', 'Yum! Brands'), ('47', 'Brand', 'Yum! Brands'), ('131', 'Unified Twitter Taxonomy', 'S&P 500')}","{('Organization', 'KFC'), ('Place', 'Herzegovina'), ('Place', 'Bosnia')}"
15,yumbrands,False,False,1565398696069562368,2022-09-01 17:58:27+00:00,"Did you know that September is Hunger Action Month? In 2021, Yum!â€™s Harvest Program donated 4.3 million pounds of surplus food from KFC and Pizza Hut restaurants to food banks and other organizations. Read more about it in our #RecipeForGood report:
https://t.co/x6XtqnJvQw https://t.co/jUrLnKrN9m",{'RecipeForGood'},4,0,1,,"{('30', 'Entities [Entity Service]', 'QSR - Dining'), ('131', 'Unified Twitter Taxonomy', 'KFC'), ('30', 'Entities [Entity Service]', 'Food'), ('152', 'Food', 'Fast food Restaurants'), ('45', 'Brand Vertical', 'Dining'), ('47', 'Brand', 'KFC'), ('131', 'Unified Twitter Taxonomy', 'Yum! Brands'), ('47', 'Brand', 'Yum! Brands'), ('131', 'Unified Twitter Taxonomy', 'S&P 500')}","{('Organization', 'KFC'), ('Other', 'Pizza Hut')}"
16,yumbrands,False,False,1565042492986343426,2022-08-31 18:23:02+00:00,"At Yum!, we encourage our employees to pursue their passions. One of them is Vice President of Global Operations &amp; Restaurant Technology David de Prez who recently represented the United States in the Masters Hockey World Cup. https://t.co/5njA0li7E1 v",,3,0,1,,"{('131', 'Unified Twitter Taxonomy', 'Hockey'), ('131', 'Unified Twitter Taxonomy', 'Sports'), ('11', 'Sport', 'Hockey'), ('131', 'Unified Twitter Taxonomy', 'Yum! Brands'), ('47', 'Brand', 'Yum! Brands'), ('131', 'Unified Twitter Taxonomy', 'S&P 500')}","{('Place', 'United States'), ('Person', 'David de Prez'), ('Other', 'Masters Hockey World Cup')}"
17,yumbrands,False,False,1564680182249693186,2022-08-30 18:23:20+00:00,"Last month, we launched the #YumRecipeForGood report which shares the progress weâ€™ve made as a company against our global environmental, social and governance strategy.  

Learn more about how Yum! is feeding a future with more purpose:  

https://t.co/Nvud8UBFgN https://t.co/2h1q5mRh60",{'YumRecipeForGood'},6,1,3,,"{('47', 'Brand', 'Yum! Brands'), ('131', 'Unified Twitter Taxonomy', 'S&P 500'), ('131', 'Unified Twitter Taxonomy', 'Yum! Brands')}","{('Other', 'YumRecipeForGood'), ('Other', 'Yum')}"
18,yumbrands,False,False,1562815876323102721,2022-08-25 14:55:15+00:00,"We believe in taking a more circular approach when it comes to sustainable packaging and waste reduction. Thatâ€™s why we introduced a harmonized packaging policy across our brands that builds on existing packaging goals. https://t.co/7QjkAcShT1 

#YumRecipeforGood https://t.co/Ul3z8GwZI6",{'YumRecipeforGood'},3,1,3,,"{('47', 'Brand', 'Yum! Brands'), ('131', 'Unified Twitter Taxonomy', 'S&P 500'), ('131', 'Unified Twitter Taxonomy', 'Yum! Brands')}",
19,yumbrands,False,False,1562148378405896193,2022-08-23 18:42:51+00:00,"Yum! Brands Head of Global Franchising Wanda Williams spoke to @QSRmagazine about the Yum! Franchise Accelerator and the companyâ€™s efforts to add more diversity and inclusion to the industry through franchise opportunities.  

Read more here: https://t.co/c8jyAZo21M",,4,0,1,,"{('47', 'Brand', 'Yum! Brands'), ('131', 'Unified Twitter Taxonomy', 'S&P 500'), ('131', 'Unified Twitter Taxonomy', 'Yum! Brands')}","{('Other', 'Yum'), ('Person', 'Wanda Williams')}"
20,yumbrands,False,False,1561786202310705152,2022-08-22 18:43:41+00:00,"Our latest #SideHustle features Yum! Global External Communications Sr. Manager Rick Maynard. His day job involves PR and issues management, but off the clock, Maynard uses his artistic talent to connect and inspire. 

https://t.co/iYi7Ohs1yI https://t.co/9HG4mF4LOB",{'SideHustle'},1,0,0,,"{('47', 'Brand', 'Yum! Brands'), ('131', 'Unified Twitter Taxonomy', 'S&P 500'), ('131', 'Unified Twitter Taxonomy', 'Yum! Brands')}","{('Other', 'Yum'), ('Other', 'Maynard'), ('Person', 'Rick Maynard')}"
21,yumbrands,False,False,1560349031716589573,2022-08-18 19:32:53+00:00,"Another one of our packaging priorities is to reduce plastics. @HabitBurger is a great example of how itâ€™s transitioning to paper bags this year â€“ eliminating 288,000 annually! 
Learn how our brands are taking steps to reduce plastics in our latest report: https://t.co/D45W9kDT5w https://t.co/HcMqJbvLnH",,5,0,3,,"{('47', 'Brand', 'Yum! Brands'), ('131', 'Unified Twitter Taxonomy', 'S&P 500'), ('131', 'Unified Twitter Taxonomy', 'Yum! Brands')}",
22,yumbrands,False,False,1559586545677602826,2022-08-16 17:03:02+00:00,"Weâ€™re committed to growing sustainably by addressing climate change, making progress on renewable energy and emissions reduction in our restaurants and investing in circularity. Learn more about how weâ€™re driving change to build a better future here: https://t.co/zj8PEXy7QT https://t.co/shW0qO2bXR",,5,1,1,,"{('30', 'Entities [Entity Service]', 'Technology'), ('131', 'Unified Twitter Taxonomy', 'Climate change'), ('131', 'Unified Twitter Taxonomy', 'Technology'), ('30', 'Entities [Entity Service]', 'Energy Technology'), ('131', 'Unified Twitter Taxonomy', 'Yum! Brands'), ('131', 'Unified Twitter Taxonomy', 'Renewable energy'), ('165', 'Technology', 'Technology'), ('47', 'Brand', 'Yum! Brands'), ('131', 'Unified Twitter Taxonomy', 'S&P 500')}",
23,yumbrands,False,False,1558094102146719748,2022-08-12 14:12:36+00:00,Congratulations to KFC U.S. CMO Nick Chavez and Taco Bell Global Chief Brand Officer Sean Tresvant for being included in @BusinessInsiderâ€™s list of CMOs to Watch in 2022! Read more about how theyâ€™re driving innovation here: https://t.co/3I461v2MV2,,3,0,2,,"{('30', 'Entities [Entity Service]', 'Fast food Restaurants'), ('66', 'Interests and Hobbies Category', 'Cuisines'), ('30', 'Entities [Entity Service]', 'QSR - Dining'), ('131', 'Unified Twitter Taxonomy', 'Taco Bell'), ('131', 'Unified Twitter Taxonomy', 'KFC'), ('30', 'Entities [Entity Service]', 'Food'), ('152', 'Food', 'Fast food Restaurants'), ('47', 'Brand', 'Taco Bell'), ('45', 'Brand Vertical', 'Dining'), ('47', 'Brand', 'KFC'), ('131', 'Unified Twitter Taxonomy', 'Yum! Brands'), ('47', 'Brand', 'Yum! Brands'), ('131', 'Unified Twitter Taxonomy', 'S&P 500'), ('47', 'Brand', 'Business Insider')}","{('Organization', 'KFC'), ('Other', 'Sean Tresvant'), ('Other', 'Taco Bell Global'), ('Place', 'U.S'), ('Other', 'Nick Chavez')}"
24,yumbrands,False,False,1557785699901997057,2022-08-11 17:47:07+00:00,"Our brands have found innovative ways to address climate change with local partners. For example, in the U.K., @PizzaHutDeliver introduced a carbon-neutral flatbread. Download our latest report to learn more: https://t.co/D45W9kDT5w https://t.co/8RVrjE6oxH",,3,1,1,,"{('131', 'Unified Twitter Taxonomy', 'Pizza Hut'), ('30', 'Entities [Entity Service]', 'Fast food Restaurants'), ('66', 'Interests and Hobbies Category', 'Cuisines'), ('131', 'Unified Twitter Taxonomy', 'Climate change'), ('30', 'Entities [Entity Service]', 'QSR - Dining'), ('47', 'Brand', 'Pizza Hut'), ('30', 'Entities [Entity Service]', 'Food'), ('152', 'Food', 'Fast food Restaurants'), ('45', 'Brand Vertical', 'Dining'), ('131', 'Unified Twitter Taxonomy', 'Yum! Brands'), ('47', 'Brand', 'Yum! Brands'), ('131', 'Unified Twitter Taxonomy', 'S&P 500')}","{('Place', 'U.K.')}"
25,yumbrands,False,False,1557083338220994563,2022-08-09 19:16:11+00:00,"As part of our #YumRecipeforGood, weâ€™re continuing to focus on food safety and quality, evolving to consumer preferences and creating more transparency around animal welfare. Learn more about our progress on our Food pillar here: https://t.co/x1NpU28hAp https://t.co/ZGAasry3Me",{'YumRecipeforGood'},4,0,0,,"{('47', 'Brand', 'Yum! Brands'), ('131', 'Unified Twitter Taxonomy', 'S&P 500'), ('131', 'Unified Twitter Taxonomy', 'Yum! Brands')}","{('Other', 'YumRecipeforGood')}"
26,yumbrands,False,False,1555266512021323777,2022-08-04 18:56:46+00:00,"Building on the fundraising success in our latest Global Citizenship &amp; Sustainability Report, the Taco Bell Foundation recently committed to raise $100 million by 2026 to continue supporting its nonprofit partners, scholars &amp; changemakers. Learn more here: https://t.co/ICpwlBZ7Mx https://t.co/V1OlVNXM9L",,4,2,0,,"{('30', 'Entities [Entity Service]', 'Fast food Restaurants'), ('66', 'Interests and Hobbies Category', 'Cuisines'), ('30', 'Entities [Entity Service]', 'QSR - Dining'), ('131', 'Unified Twitter Taxonomy', 'Taco Bell'), ('30', 'Entities [Entity Service]', 'Food'), ('152', 'Food', 'Fast food Restaurants'), ('47', 'Brand', 'Taco Bell'), ('45', 'Brand Vertical', 'Dining'), ('131', 'Unified Twitter Taxonomy', 'Yum! Brands'), ('47', 'Brand', 'Yum! Brands'), ('131', 'Unified Twitter Taxonomy', 'S&P 500')}","{('Other', 'Taco Bell Foundation')}"
27,yumbrands,False,False,1554837551768387584,2022-08-03 14:32:14+00:00,"This morning we reported our Q2 2022 #YumEarnings in which we delivered system sales growth of 5% excluding Russia, opened 781 gross units and achieved nearly $6 billion in digital sales. Read more in our second quarter release here: https://t.co/9mshisnHav https://t.co/ew3BSSw30Q",{'YumEarnings'},3,2,1,,"{('47', 'Brand', 'Yum! Brands'), ('131', 'Unified Twitter Taxonomy', 'S&P 500'), ('131', 'Unified Twitter Taxonomy', 'Yum! Brands'), ('123', 'Ongoing News Story', 'Russo-Ukrainian conflict')}","{('Place', 'Russia'), ('Other', 'YumEarnings')}"
28,yumbrands,False,False,1554795555951370240,2022-08-03 11:45:21+00:00,$YUM Q2â€™22 Earnings Infographic can be found here: https://t.co/gVZotBRilT,,0,0,0,,"{('65', 'Interests and Hobbies Vertical', 'Business & finance'), ('67', 'Interests and Hobbies', 'Stocks & indices'), ('66', 'Interests and Hobbies Category', 'Personal finance'), ('131', 'Unified Twitter Taxonomy', 'Yum! Brands'), ('47', 'Brand', 'Yum! Brands'), ('131', 'Unified Twitter Taxonomy', 'S&P 500')}","{('Other', 'YUM')}"
29,yumbrands,False,False,1554795339215175680,2022-08-03 11:44:30+00:00,$YUM to host conference call for Q2â€™22 Earnings today 8/3 at 8:15 AM ET. Listen at:  https://t.co/Lyd0HCX9Wv,,0,0,0,,"{('65', 'Interests and Hobbies Vertical', 'Business & finance'), ('67', 'Interests and Hobbies', 'Stocks & indices'), ('66', 'Interests and Hobbies Category', 'Personal finance'), ('131', 'Unified Twitter Taxonomy', 'Yum! Brands'), ('47', 'Brand', 'Yum! Brands'), ('131', 'Unified Twitter Taxonomy', 'S&P 500')}","{('Organization', 'YUM')}"
30,yumbrands,False,False,1554795260873740288,2022-08-03 11:44:11+00:00,$YUM Q2â€™22 Earnings Release can be found here: https://t.co/9mshisnHav,,0,0,1,,"{('65', 'Interests and Hobbies Vertical', 'Business & finance'), ('67', 'Interests and Hobbies', 'Stocks & indices'), ('66', 'Interests and Hobbies Category', 'Personal finance'), ('131', 'Unified Twitter Taxonomy', 'Yum! Brands'), ('47', 'Brand', 'Yum! Brands'), ('131', 'Unified Twitter Taxonomy', 'S&P 500')}","{('Other', 'YUM')}"
31,yumbrands,False,False,1554795196583497728,2022-08-03 11:43:56+00:00,$YUM Resilient Global Business Led by Widespread Taco Bell Strength: https://t.co/9mshisnHav,,0,0,0,,"{('30', 'Entities [Entity Service]', 'Fast food Restaurants'), ('66', 'Interests and Hobbies Category', 'Cuisines'), ('30', 'Entities [Entity Service]', 'QSR - Dining'), ('131', 'Unified Twitter Taxonomy', 'Taco Bell'), ('30', 'Entities [Entity Service]', 'Food'), ('65', 'Interests and Hobbies Vertical', 'Business & finance'), ('152', 'Food', 'Fast food Restaurants'), ('67', 'Interests and Hobbies', 'Stocks & indices'), ('66', 'Interests and Hobbies Category', 'Personal finance'), ('47', 'Brand', 'Taco Bell'), ('45', 'Brand Vertical', 'Dining'), ('131', 'Unified Twitter Taxonomy', 'Yum! Brands'), ('47', 'Brand', 'Yum! Brands'), ('131', 'Unified Twitter Taxonomy', 'S&P 500')}","{('Organization', 'Widespread'), ('Organization', 'YUM'), ('Organization', 'Taco Bell')}"
32,yumbrands,False,False,1554795098474438658,2022-08-03 11:43:32+00:00,$YUM Reports 781 Gross Unit Openings and Digital System Sales of Nearly $6B; https://t.co/9mshisnHav,,0,0,1,,"{('65', 'Interests and Hobbies Vertical', 'Business & finance'), ('67', 'Interests and Hobbies', 'Stocks & indices'), ('66', 'Interests and Hobbies Category', 'Personal finance'), ('131', 'Unified Twitter Taxonomy', 'Yum! Brands'), ('47', 'Brand', 'Yum! Brands'), ('131', 'Unified Twitter Taxonomy', 'S&P 500')}","{('Organization', 'YUM')}"
33,yumbrands,False,False,1554794631010963456,2022-08-03 11:41:41+00:00,$YUM Cautionary Statement on forward-looking statements &amp; non-GAAP measures can be found here: https://t.co/2LTUyXc7Ws,,1,0,0,,"{('65', 'Interests and Hobbies Vertical', 'Business & finance'), ('67', 'Interests and Hobbies', 'Stocks & indices'), ('66', 'Interests and Hobbies Category', 'Personal finance'), ('131', 'Unified Twitter Taxonomy', 'Yum! Brands'), ('47', 'Brand', 'Yum! Brands'), ('131', 'Unified Twitter Taxonomy', 'S&P 500')}","{('Organization', 'YUM')}"
34,yumbrands,False,False,1554524094468706306,2022-08-02 17:46:40+00:00,"Our top priority is our people. From support centers to restaurants, weâ€™ve been fostering our people-first culture across the world for 25 years. In the latest report youâ€™ll find ways weâ€™re promoting equity, inclusion &amp; belonging in communities we operate. https://t.co/LFstogu1jK https://t.co/ETAXiCVgFh",,3,0,2,,"{('47', 'Brand', 'Yum! Brands'), ('131', 'Unified Twitter Taxonomy', 'S&P 500'), ('131', 'Unified Twitter Taxonomy', 'Yum! Brands')}",
35,yumbrands,False,False,1552724994987278336,2022-07-28 18:37:41+00:00,"Our brands across the world are making great progress on #sustainable packaging as part of our #YumRecipeForGood journey. Take @kfc_canada for example, the team is exploring more ways to make packaging compostable. Download our latest report to learn more: https://t.co/D45W9kDT5w https://t.co/D0kfeQioDx","{'sustainable', 'YumRecipeForGood'}",0,1,0,,"{('30', 'Entities [Entity Service]', 'QSR - Dining'), ('131', 'Unified Twitter Taxonomy', 'KFC'), ('30', 'Entities [Entity Service]', 'Food'), ('152', 'Food', 'Fast food Restaurants'), ('45', 'Brand Vertical', 'Dining'), ('47', 'Brand', 'KFC'), ('131', 'Unified Twitter Taxonomy', 'Yum! Brands'), ('47', 'Brand', 'Yum! Brands'), ('131', 'Unified Twitter Taxonomy', 'S&P 500')}","{('Other', 'YumRecipeForGood')}"
36,yumbrands,False,False,1551971393906024449,2022-07-26 16:43:09+00:00,"Reducing supply chain emissions is a critical priority on the path to reach our climate goals, and it requires us to collaborate with our suppliers &amp; industry partners like the @USRSBeef. Learn more from our Chief Sustainability Officer, Jon Hixson. https://t.co/SRbnNt30Wr",,6,0,1,,"{('47', 'Brand', 'Yum! Brands'), ('131', 'Unified Twitter Taxonomy', 'Climate change'), ('131', 'Unified Twitter Taxonomy', 'S&P 500'), ('131', 'Unified Twitter Taxonomy', 'Yum! Brands')}","{('Person', 'Jon Hixson')}"
37,yumbrands,False,False,1550504584564596737,2022-07-22 15:34:34+00:00,"As part of Yum!â€™s Unlocking Opportunity Initiative, @pizzahutdeliver has partnered with @HatchEnterprise to make grants available to budding entrepreneurs through the New Founders Programme. 

Learn more here: https://t.co/7NTBJANDF6",,6,13,3,,"{('131', 'Unified Twitter Taxonomy', 'Pizza Hut'), ('30', 'Entities [Entity Service]', 'Fast food Restaurants'), ('66', 'Interests and Hobbies Category', 'Cuisines'), ('30', 'Entities [Entity Service]', 'QSR - Dining'), ('47', 'Brand', 'Pizza Hut'), ('30', 'Entities [Entity Service]', 'Food'), ('152', 'Food', 'Fast food Restaurants'), ('45', 'Brand Vertical', 'Dining'), ('131', 'Unified Twitter Taxonomy', 'Yum! Brands'), ('47', 'Brand', 'Yum! Brands'), ('131', 'Unified Twitter Taxonomy', 'S&P 500')}","{('Other', 'Yum')}"
38,yumbrands,False,False,1550210441237786624,2022-07-21 20:05:45+00:00,"We have been focused on making positive impact in the areas of education, entrepreneurship and equity &amp; inclusion through our UOI program with over $50 million approved in funding to almost 30 social impact programs across the world. Learn more here: 
https://t.co/RX35tVN3Vc https://t.co/DRpfYzmGwh",,4,1,2,,"{('47', 'Brand', 'Yum! Brands'), ('131', 'Unified Twitter Taxonomy', 'S&P 500'), ('131', 'Unified Twitter Taxonomy', 'Yum! Brands')}","{('Organization', 'UOI')}"
39,yumbrands,False,False,1549793364991565824,2022-07-20 16:28:26+00:00,"Our CEO David Gibbs reflects on our progress in our new Global Citizenship &amp; Sustainability Report with an emphasis on addressing environmental, social and governance (#ESG) issues. Read more here: https://t.co/eu5YSPKohW https://t.co/2aQqXzJnxv",{'ESG'},0,3,0,,"{('47', 'Brand', 'Yum! Brands'), ('131', 'Unified Twitter Taxonomy', 'S&P 500'), ('131', 'Unified Twitter Taxonomy', 'Yum! Brands')}","{('Person', 'David Gibbs')}"
40,yumbrands,False,False,1549751534279225344,2022-07-20 13:42:13+00:00,"We're passionate about feeding a future with more purpose by positively impacting our people and the communities we serve around the world. Today, we share the progress weâ€™ve made on our global #ESG commitments in our latest  #YumRecipeforGood report. 
https://t.co/37nXQl9JUv https://t.co/rzNDdjh7MG","{'YumRecipeforGood', 'ESG'}",7,5,3,,"{('47', 'Brand', 'Yum! Brands'), ('131', 'Unified Twitter Taxonomy', 'S&P 500'), ('131', 'Unified Twitter Taxonomy', 'Yum! Brands')}","{('Other', 'ESG'), ('Other', 'YumRecipeforGood')}"
41,yumbrands,False,False,1549482273384370176,2022-07-19 19:52:16+00:00,"Congrats to Aaron Powell, global CEO of Pizza Hut, who has been recognized for his inspiring leadership as one of @savoynetwork's 2022 Most Influential Black Executives in Corporate America: https://t.co/fLmvtMH7Sc",,4,3,0,,"{('131', 'Unified Twitter Taxonomy', 'Pizza Hut'), ('30', 'Entities [Entity Service]', 'Fast food Restaurants'), ('66', 'Interests and Hobbies Category', 'Cuisines'), ('30', 'Entities [Entity Service]', 'QSR - Dining'), ('47', 'Brand', 'Pizza Hut'), ('30', 'Entities [Entity Service]', 'Food'), ('152', 'Food', 'Fast food Restaurants'), ('45', 'Brand Vertical', 'Dining'), ('131', 'Unified Twitter Taxonomy', 'Yum! Brands'), ('47', 'Brand', 'Yum! Brands'), ('131', 'Unified Twitter Taxonomy', 'S&P 500')}","{('Person', 'Aaron Powell'), ('Other', 'Pizza Hut'), ('Other', 'America')}"
42,yumbrands,False,False,1546968774611460096,2022-07-12 21:24:31+00:00,"As part of Pizza Hut Internationalâ€™s social purpose framework, An Equal Slice for Everyone, @PizzaHutSA is teaming up with the Youth Employment Service to provide young women in South Africa with quality work experience. Learn more here: https://t.co/t51yHxGhRN

@Yes4YouthZA",,8,4,3,,"{('131', 'Unified Twitter Taxonomy', 'Pizza Hut'), ('30', 'Entities [Entity Service]', 'Fast food Restaurants'), ('66', 'Interests and Hobbies Category', 'Cuisines'), ('30', 'Entities [Entity Service]', 'QSR - Dining'), ('47', 'Brand', 'Pizza Hut'), ('30', 'Entities [Entity Service]', 'Food'), ('152', 'Food', 'Fast food Restaurants'), ('45', 'Brand Vertical', 'Dining'), ('131', 'Unified Twitter Taxonomy', 'Yum! Brands'), ('47', 'Brand', 'Yum! Brands'), ('131', 'Unified Twitter Taxonomy', 'S&P 500')}","{('Other', 'Pizza Hut International'), ('Place', 'South Africa')}"
43,yumbrands,False,False,1538554322174238722,2022-06-19 16:08:30+00:00,"Today we honor and celebrate Juneteenth and the liberation of African Americans in the United States. We are proud that our restaurants and places of work are places where all people are welcome, respected and valued. #juneteenth2022 https://t.co/LqtqRxyukT",{'juneteenth2022'},4,10,1,,"{('131', 'Unified Twitter Taxonomy', 'Black Lives Matter'), ('29', 'Events [Entity Service]', 'Juneteenth'), ('119', 'Holiday', 'Juneteenth'), ('131', 'Unified Twitter Taxonomy', 'Yum! Brands'), ('47', 'Brand', 'Yum! Brands'), ('131', 'Unified Twitter Taxonomy', 'S&P 500')}","{('Person', 'juneteenth2022'), ('Place', 'United States')}"
44,yumbrands,False,False,1536807951163326469,2022-06-14 20:29:02+00:00,"Learn how a @KFC_India restaurant is aiming to save 18,000 units of power each year through the brandâ€™s new #KFConscious initiative. By the end of 2022, the market plans to open about 20 similar restaurants that will be more energy efficient &amp; use environment-friendly materials. https://t.co/zPocqUC2Cv",{'KFConscious'},6,6,1,"{(1534807480878137344, 'quoted')}","{('30', 'Entities [Entity Service]', 'QSR - Dining'), ('131', 'Unified Twitter Taxonomy', 'KFC'), ('30', 'Entities [Entity Service]', 'Food'), ('152', 'Food', 'Fast food Restaurants'), ('45', 'Brand Vertical', 'Dining'), ('47', 'Brand', 'KFC'), ('131', 'Unified Twitter Taxonomy', 'Yum! Brands'), ('47', 'Brand', 'Yum! Brands'), ('131', 'Unified Twitter Taxonomy', 'S&P 500')}","{('Organization', 'KFConscious')}"
45,yumbrands,False,False,1534935477761019904,2022-06-09 16:28:30+00:00,"Take a look at @TacoBell's restaurant concept of the future, Defy. https://t.co/9WG0M2NFZP",,16,8,5,"{(1534017306883289090, 'quoted')}","{('30', 'Entities [Entity Service]', 'Fast food Restaurants'), ('66', 'Interests and Hobbies Category', 'Cuisines'), ('30', 'Entities [Entity Service]', 'QSR - Dining'), ('131', 'Unified Twitter Taxonomy', 'Taco Bell'), ('30', 'Entities [Entity Service]', 'Food'), ('152', 'Food', 'Fast food Restaurants'), ('47', 'Brand', 'Taco Bell'), ('45', 'Brand Vertical', 'Dining'), ('131', 'Unified Twitter Taxonomy', 'Yum! Brands'), ('47', 'Brand', 'Yum! Brands'), ('131', 'Unified Twitter Taxonomy', 'S&P 500')}","{('Other', 'Defy')}"
46,yumbrands,False,False,1532339066024472577,2022-06-02 12:31:17+00:00,"Having diverse voices at our tables makes us stronger. Thatâ€™s why Yum! and our @KFC, @PizzaHut, @TacoBell and @HabitBurger brands are always excited to celebrate LGBTQ+ Pride month and let those coming in and out of our offices know that â€“ at Yum! â€“ we believe in all people. https://t.co/mBrGfiPvk5",,15,31,3,,"{('30', 'Entities [Entity Service]', 'Fast food Restaurants'), ('30', 'Entities [Entity Service]', 'QSR - Dining'), ('152', 'Food', 'Fast food Restaurants'), ('131', 'Unified Twitter Taxonomy', 'Pizza Hut'), ('47', 'Brand', 'Pizza Hut'), ('131', 'Unified Twitter Taxonomy', 'Pride Month'), ('29', 'Events [Entity Service]', 'Pride Month'), ('66', 'Interests and Hobbies Category', 'Cuisines'), ('131', 'Unified Twitter Taxonomy', 'Taco Bell'), ('131', 'Unified Twitter Taxonomy', 'KFC'), ('47', 'Brand', 'Taco Bell'), ('47', 'Brand', 'KFC'), ('131', 'Unified Twitter Taxonomy', 'Yum! Brands'), ('47', 'Brand', 'Yum! Brands'), ('131', 'Unified Twitter Taxonomy', 'S&P 500'), ('29', 'Events [Entity Service]', 'International Pride Day'), ('30', 'Entities [Entity Service]', 'Food'), ('45', 'Brand Vertical', 'Dining'), ('119', 'Holiday', 'International Pride Day')}","{('Other', 'Yum'), ('Place', 'LGBTQ+')}"
47,yumbrands,False,False,1528756871590563843,2022-05-23 15:16:55+00:00,"On World Day for Cultural Diversity, we recognized the tapestry of cultures represented by our customers, team members &amp; franchisees around the globe &amp; celebrate them. This day &amp; every day, engage in dialogue that builds a bridge to understanding and promotes cultural diversity. https://t.co/3V2hdsNCnM",,10,9,3,,"{('47', 'Brand', 'Yum! Brands'), ('131', 'Unified Twitter Taxonomy', 'S&P 500'), ('131', 'Unified Twitter Taxonomy', 'Yum! Brands')}",
48,yumbrands,False,False,1527689834785132548,2022-05-20 16:36:54+00:00,"From a cattle farm in Kentucky to leading Yum!â€™s tax department, Yum! VP of Tax Jessica Holleran has done it all. In our latest edition of #HowIGotHere, we learn more about how Jessica got her start and her career journey. https://t.co/f1YH7gPDEa",{'HowIGotHere'},1,4,0,,"{('47', 'Brand', 'Yum! Brands'), ('159', 'States', 'Kentucky'), ('131', 'Unified Twitter Taxonomy', 'S&P 500'), ('131', 'Unified Twitter Taxonomy', 'Yum! Brands')}","{('Other', 'Yum'), ('Person', 'Jessica Holleran'), ('Place', 'Kentucky'), ('Other', 'Jessica')}"
49,yumbrands,False,False,1526952522392522752,2022-05-18 15:47:05+00:00,"Weâ€™re proud to once again be named to @3BLMediaâ€™s 100 Best Corporate Citizens list. We believe that transparency must be a central part of our #YumRecipeforGood strategy w/ the ever-increasing strategic investment across our people, food &amp; planet pillars. https://t.co/syqTzlbWdu",{'YumRecipeforGood'},3,3,2,,"{('47', 'Brand', 'Yum! Brands'), ('131', 'Unified Twitter Taxonomy', 'S&P 500'), ('131', 'Unified Twitter Taxonomy', 'Yum! Brands')}","{('Other', 'YumRecipeforGood')}"
50,yumbrands,False,False,1524478482939531267,2022-05-11 19:56:08+00:00,"As part of our Unlocking Opportunity Initiative, the @TacoBell Foundation is partnering with @Ashoka to launch its Ambition Accelerator. This program is designed to support young, innovative changemakers with ideas for social impact. Learn more here: https://t.co/T3xK6kURP3 https://t.co/BZhpxLBmAp",,4,4,0,,"{('30', 'Entities [Entity Service]', 'Fast food Restaurants'), ('66', 'Interests and Hobbies Category', 'Cuisines'), ('30', 'Entities [Entity Service]', 'QSR - Dining'), ('131', 'Unified Twitter Taxonomy', 'Taco Bell'), ('30', 'Entities [Entity Service]', 'Food'), ('152', 'Food', 'Fast food Restaurants'), ('47', 'Brand', 'Taco Bell'), ('45', 'Brand Vertical', 'Dining'), ('131', 'Unified Twitter Taxonomy', 'Yum! Brands'), ('47', 'Brand', 'Yum! Brands'), ('131', 'Unified Twitter Taxonomy', 'S&P 500')}","{('Other', 'Accelerator')}"
51,yumbrands,False,False,1522331294897745920,2022-05-05 21:43:58+00:00,"Authentic conversations are critical to making positive change, which is why we're taking a look back at a discussion between several of our Yum! Brands employees who shared their perspectives and experiences as people of Asian or Pacific Islander descent. https://t.co/IBl6KH61aL https://t.co/gUBxgIqhPd",,0,7,0,,"{('47', 'Brand', 'Yum! Brands'), ('131', 'Unified Twitter Taxonomy', 'S&P 500'), ('131', 'Unified Twitter Taxonomy', 'Yum! Brands')}","{('Other', 'Pacific Islander')}"
52,yumbrands,False,False,1521852005429432323,2022-05-04 13:59:27+00:00,"This morning we reported our Q1 2022 #YumEarnings in which we delivered system sales growth of 8%, opened nearly 1,000 gross units and achieved approximately $6 billion in digital sales. Read more in our first quarter release here: https://t.co/p9yxxNLf5Y

$YUM https://t.co/THPteSDxqs",{'YumEarnings'},2,4,0,,"{('65', 'Interests and Hobbies Vertical', 'Business & finance'), ('67', 'Interests and Hobbies', 'Stocks & indices'), ('66', 'Interests and Hobbies Category', 'Personal finance'), ('131', 'Unified Twitter Taxonomy', 'Yum! Brands'), ('47', 'Brand', 'Yum! Brands'), ('131', 'Unified Twitter Taxonomy', 'S&P 500')}","{('Other', 'YUM'), ('Other', 'YumEarnings')}"
53,yumbrands,False,False,1521812396465082369,2022-05-04 11:22:03+00:00,$YUM Q1â€™22 Earnings Infographic can be found here: https://t.co/vjFxY0EMLl https://t.co/PspsmFcF6W,,1,1,0,,"{('65', 'Interests and Hobbies Vertical', 'Business & finance'), ('67', 'Interests and Hobbies', 'Stocks & indices'), ('66', 'Interests and Hobbies Category', 'Personal finance'), ('131', 'Unified Twitter Taxonomy', 'Yum! Brands'), ('47', 'Brand', 'Yum! Brands'), ('131', 'Unified Twitter Taxonomy', 'S&P 500')}","{('Other', 'YUM')}"
54,yumbrands,False,False,1521808788302532608,2022-05-04 11:07:43+00:00,$YUM to host conference call for Q1â€™22 Earnings today 5/4 at 8:15 AM ET. Listen at:  https://t.co/Lyd0HCWC6X,,1,1,0,,"{('65', 'Interests and Hobbies Vertical', 'Business & finance'), ('67', 'Interests and Hobbies', 'Stocks & indices'), ('66', 'Interests and Hobbies Category', 'Personal finance'), ('131', 'Unified Twitter Taxonomy', 'Yum! Brands'), ('47', 'Brand', 'Yum! Brands'), ('131', 'Unified Twitter Taxonomy', 'S&P 500')}","{('Organization', 'YUM')}"
55,yumbrands,False,False,1521808670144831488,2022-05-04 11:07:15+00:00,$YUM Q1â€™22 Earnings Release can be found here: https://t.co/p9yxxNLf5Y,,0,1,0,,"{('65', 'Interests and Hobbies Vertical', 'Business & finance'), ('67', 'Interests and Hobbies', 'Stocks & indices'), ('66', 'Interests and Hobbies Category', 'Personal finance'), ('131', 'Unified Twitter Taxonomy', 'Yum! Brands'), ('47', 'Brand', 'Yum! Brands'), ('131', 'Unified Twitter Taxonomy', 'S&P 500')}","{('Other', 'YUM')}"
56,yumbrands,False,False,1521808619804766209,2022-05-04 11:07:03+00:00,$YUM System Sales Growth of 8% Driven by 6% Unit Growth and 3% Same-Store Sales Growth; https://t.co/p9yxxNLf5Y,,0,1,0,,"{('65', 'Interests and Hobbies Vertical', 'Business & finance'), ('67', 'Interests and Hobbies', 'Stocks & indices'), ('66', 'Interests and Hobbies Category', 'Personal finance'), ('131', 'Unified Twitter Taxonomy', 'Yum! Brands'), ('47', 'Brand', 'Yum! Brands'), ('131', 'Unified Twitter Taxonomy', 'S&P 500')}","{('Organization', 'YUM')}"
57,yumbrands,False,False,1521808549009047558,2022-05-04 11:06:46+00:00,$YUM Reports Q1 Record 997 Gross Unit Openings and Record Digital Mix Exceeding 40%; https://t.co/p9yxxNLf5Y,,1,0,0,,"{('65', 'Interests and Hobbies Vertical', 'Business & finance'), ('67', 'Interests and Hobbies', 'Stocks & indices'), ('66', 'Interests and Hobbies Category', 'Personal finance'), ('131', 'Unified Twitter Taxonomy', 'Yum! Brands'), ('47', 'Brand', 'Yum! Brands'), ('131', 'Unified Twitter Taxonomy', 'S&P 500')}","{('Organization', 'YUM')}"
58,yumbrands,False,False,1521808481522798592,2022-05-04 11:06:30+00:00,$YUM Cautionary Statement on forward-looking statements &amp; non-GAAP measures can be found here: https://t.co/2LTUyXc7Ws,,2,0,1,,"{('65', 'Interests and Hobbies Vertical', 'Business & finance'), ('67', 'Interests and Hobbies', 'Stocks & indices'), ('66', 'Interests and Hobbies Category', 'Personal finance'), ('131', 'Unified Twitter Taxonomy', 'Yum! Brands'), ('47', 'Brand', 'Yum! Brands'), ('131', 'Unified Twitter Taxonomy', 'S&P 500')}","{('Organization', 'YUM')}"
59,yumbrands,False,False,1521230952520982528,2022-05-02 20:51:36+00:00,"May is Asian American &amp; Pacific Islander Heritage Month and Jewish American Heritage Month, and weâ€™re celebrating the impactful contributions and histories of these communities. This month and every month, Yum! is proud to honor their cultures and share their stories. https://t.co/qCwooMP4JH",,2,0,0,,"{('47', 'Brand', 'Yum! Brands'), ('131', 'Unified Twitter Taxonomy', 'S&P 500'), ('131', 'Unified Twitter Taxonomy', 'Yum! Brands'), ('29', 'Events [Entity Service]', 'Asian Pacific Asian Heritage Month 2022')}","{('Other', 'American Heritage Month'), ('Other', 'Yum'), ('Other', 'Heritage Month')}"
60,yumbrands,False,False,1519751533742669829,2022-04-28 18:52:55+00:00,Huge congratulations to our Chief Digital &amp; Technology Officer Clay Johnson for being recognized by @Forbes as a top tech leader who is driving game-changing innovations. https://t.co/xhYhufBc9H https://t.co/dU52JZnxhU,,1,1,0,,"{('47', 'Brand', 'Yum! Brands'), ('131', 'Unified Twitter Taxonomy', 'S&P 500'), ('131', 'Unified Twitter Taxonomy', 'Yum! Brands')}","{('Person', 'Clay Johnson')}"
61,yumbrands,False,False,1519428946126938116,2022-04-27 21:31:05+00:00,"Read more about this mother-daughter duo and how they share their love for the family business, Desert De Oro Foods. Together, they operate a combined 300 @PizzaHut and @TacoBell restaurants across seven states in the U.S. https://t.co/uNFAX343RJ https://t.co/vCQ4JO7xbn",,3,2,1,,"{('131', 'Unified Twitter Taxonomy', 'Pizza Hut'), ('30', 'Entities [Entity Service]', 'Fast food Restaurants'), ('66', 'Interests and Hobbies Category', 'Cuisines'), ('30', 'Entities [Entity Service]', 'QSR - Dining'), ('47', 'Brand', 'Pizza Hut'), ('131', 'Unified Twitter Taxonomy', 'Taco Bell'), ('30', 'Entities [Entity Service]', 'Food'), ('152', 'Food', 'Fast food Restaurants'), ('47', 'Brand', 'Taco Bell'), ('45', 'Brand Vertical', 'Dining'), ('131', 'Unified Twitter Taxonomy', 'Yum! Brands'), ('47', 'Brand', 'Yum! Brands'), ('131', 'Unified Twitter Taxonomy', 'S&P 500')}","{('Place', 'U.S.'), ('Other', 'Desert De Oro Foods')}"
62,yumbrands,False,False,1518657382406103053,2022-04-25 18:25:09+00:00,.@TacoBell franchisee Margaret Jones opened doors across the QSR industry for women to thrive in leadership as one of the brandâ€™s first 100 franchisees. Learn more about her inspiring story here: https://t.co/mAA14pgsBN https://t.co/gxipl4XwsL,,5,0,2,,"{('30', 'Entities [Entity Service]', 'Fast food Restaurants'), ('66', 'Interests and Hobbies Category', 'Cuisines'), ('30', 'Entities [Entity Service]', 'QSR - Dining'), ('131', 'Unified Twitter Taxonomy', 'Taco Bell'), ('30', 'Entities [Entity Service]', 'Food'), ('152', 'Food', 'Fast food Restaurants'), ('47', 'Brand', 'Taco Bell'), ('45', 'Brand Vertical', 'Dining'), ('131', 'Unified Twitter Taxonomy', 'Yum! Brands'), ('47', 'Brand', 'Yum! Brands'), ('131', 'Unified Twitter Taxonomy', 'S&P 500')}","{('Other', 'QSR'), ('Person', 'Margaret Jones')}"
63,yumbrands,False,False,1517537337357570049,2022-04-22 16:14:30+00:00,"As we observe #EarthDay today and every day, we recently joined @Guidehouseâ€™s Supplier Leadership on Climate Transition to address greenhouse gas reduction through education, collaboration and goal setting in our supply chains.  https://t.co/YXULOKY8ng https://t.co/2DzwCcR4nv",{'EarthDay'},2,2,0,,"{('131', 'Unified Twitter Taxonomy', 'Climate change'), ('29', 'Events [Entity Service]', 'Earth Day'), ('119', 'Holiday', 'Earth Day'), ('131', 'Unified Twitter Taxonomy', 'Holidays'), ('131', 'Unified Twitter Taxonomy', 'Environmentalism'), ('131', 'Unified Twitter Taxonomy', 'Cultural events'), ('131', 'Unified Twitter Taxonomy', 'Yum! Brands'), ('109', 'Reoccurring Trends', 'Earth Day 2018'), ('131', 'Unified Twitter Taxonomy', 'Green living'), ('47', 'Brand', 'Yum! Brands'), ('131', 'Unified Twitter Taxonomy', 'Science'), ('131', 'Unified Twitter Taxonomy', 'S&P 500'), ('131', 'Unified Twitter Taxonomy', 'Events'), ('29', 'Events [Entity Service]', 'Happy Earth Day! ðŸŒŽ')}","{('Other', 'EarthDay')}"
64,yumbrands,False,False,1516520691654352901,2022-04-19 20:54:43+00:00,"In this recent HutLife blog, some of our women leaders at @PizzaHut shared their advice, experiences and stories to empower other women in their career journey. https://t.co/HBBiea58X3",,1,0,0,,"{('131', 'Unified Twitter Taxonomy', 'Pizza Hut'), ('30', 'Entities [Entity Service]', 'Fast food Restaurants'), ('66', 'Interests and Hobbies Category', 'Cuisines'), ('30', 'Entities [Entity Service]', 'QSR - Dining'), ('47', 'Brand', 'Pizza Hut'), ('30', 'Entities [Entity Service]', 'Food'), ('152', 'Food', 'Fast food Restaurants'), ('45', 'Brand Vertical', 'Dining'), ('131', 'Unified Twitter Taxonomy', 'Yum! Brands'), ('47', 'Brand', 'Yum! Brands'), ('131', 'Unified Twitter Taxonomy', 'S&P 500')}","{('Other', 'HutLife')}"
65,yumbrands,False,False,1512125250431066115,2022-04-07 17:48:48+00:00,"Our multicultural employee resource group, Yum! Unite, recently hosted a session with @CapitalCityCo's CEO and Co-Founder Arsha Jones to talk about her passion, the challenges sheâ€™s faced as an entrepreneur and the exciting Mambo Sauce partnership with @KFC U.S. https://t.co/ViaZ5PprnD",,9,3,0,,"{('30', 'Entities [Entity Service]', 'QSR - Dining'), ('131', 'Unified Twitter Taxonomy', 'KFC'), ('30', 'Entities [Entity Service]', 'Food'), ('152', 'Food', 'Fast food Restaurants'), ('45', 'Brand Vertical', 'Dining'), ('131', 'Unified Twitter Taxonomy', 'Business personalities'), ('47', 'Brand', 'KFC'), ('131', 'Unified Twitter Taxonomy', 'Yum! Brands'), ('47', 'Brand', 'Yum! Brands'), ('131', 'Unified Twitter Taxonomy', 'S&P 500')}","{('Other', 'Yum'), ('Place', 'U.S.'), ('Other', 'Arsha Jones'), ('Other', 'Mambo Sauce')}"
66,yumbrands,False,False,1511837773040345096,2022-04-06 22:46:28+00:00,Listen to @TacoBellâ€™s CEO and Chief Brand Officer talk about what it means to take a 60-year-old brand into the future and the opportunities that come with celebrating its heritage. https://t.co/AKyRLzWLpN,,1,3,2,,"{('30', 'Entities [Entity Service]', 'Fast food Restaurants'), ('66', 'Interests and Hobbies Category', 'Cuisines'), ('30', 'Entities [Entity Service]', 'QSR - Dining'), ('131', 'Unified Twitter Taxonomy', 'Taco Bell'), ('30', 'Entities [Entity Service]', 'Food'), ('152', 'Food', 'Fast food Restaurants'), ('47', 'Brand', 'Taco Bell'), ('45', 'Brand Vertical', 'Dining'), ('131', 'Unified Twitter Taxonomy', 'Yum! Brands'), ('47', 'Brand', 'Yum! Brands'), ('131', 'Unified Twitter Taxonomy', 'S&P 500')}",
67,yumbrands,False,False,1511343026987315208,2022-04-05 14:00:31+00:00,"At the recent @WFFHQ Leadership Conference, Our Chief Operating Officer &amp; Chief People Officer Tracy Skeans spoke with @NRNonline about how people inspire her, Yum!â€™s talent development efforts and equity and inclusion in the restaurant industry. https://t.co/SSFwd790If",,4,0,1,,"{('152', 'Food', 'Restaurant industry'), ('131', 'Unified Twitter Taxonomy', 'Yum! Brands'), ('131', 'Unified Twitter Taxonomy', 'Restaurant industry'), ('47', 'Brand', 'Yum! Brands'), ('131', 'Unified Twitter Taxonomy', 'S&P 500')}","{('Other', 'Yum'), ('Other', 'Tracy Skeans')}"
68,yumbrands,False,False,1509904779622891520,2022-04-01 14:45:26+00:00,"Our Chief Equity &amp; Inclusion Officer James Fripp recently appeared on @WeRRestaurants' ""Order Up"" podcast to talk about building authentic relationships that lead to trust. Take a listen to hear more of James' insightful perspectives. https://t.co/PghBbO3EbA",,6,2,2,"{(1496903253421875209, 'quoted')}","{('109', 'Reoccurring Trends', 'Black History Month 2019'), ('131', 'Unified Twitter Taxonomy', 'Entertainment'), ('131', 'Unified Twitter Taxonomy', 'Podcasts & radio'), ('131', 'Unified Twitter Taxonomy', 'Yum! Brands'), ('29', 'Events [Entity Service]', 'Black History Month 2022'), ('47', 'Brand', 'Yum! Brands'), ('131', 'Unified Twitter Taxonomy', 'S&P 500'), ('119', 'Holiday', 'Black History Month 2022')}","{('Person', 'James'), ('Person', 'James Fripp')}"
69,yumbrands,False,False,1509608772989300736,2022-03-31 19:09:13+00:00,Congrats to Yum! Brands COO &amp; CPO Tracy Skeans and @tacobell International President Julie Felss Masino for being named to @NRNonline's list of the 25 Most Influential Women in Foodservice. Well deserved recognition for two inspiring leaders. https://t.co/51V3Or2GEY https://t.co/IYcWP6IZov,,10,1,2,,"{('30', 'Entities [Entity Service]', 'Fast food Restaurants'), ('66', 'Interests and Hobbies Category', 'Cuisines'), ('30', 'Entities [Entity Service]', 'QSR - Dining'), ('131', 'Unified Twitter Taxonomy', 'Taco Bell'), ('30', 'Entities [Entity Service]', 'Food'), ('152', 'Food', 'Fast food Restaurants'), ('47', 'Brand', 'Taco Bell'), ('45', 'Brand Vertical', 'Dining'), ('131', 'Unified Twitter Taxonomy', 'Yum! Brands'), ('47', 'Brand', 'Yum! Brands'), ('131', 'Unified Twitter Taxonomy', 'S&P 500')}","{('Other', 'Yum'), ('Other', 'Julie Felss Masino'), ('Other', 'Tracy Skeans')}"
70,yumbrands,False,False,1509585040082153481,2022-03-31 17:34:54+00:00,"As #WomensHistoryMonth comes to an end, we continue to reflect on the theme of International Womenâ€™s Day earlier this month â€“ #BreakTheBias â€“ because bias creates barriers for women to thrive. Letâ€™s stay committed to ensuring representation &amp; equality for women around the world. https://t.co/gy1ljfk2Oa","{'BreakTheBias', 'WomensHistoryMonth'}",4,0,0,,"{('47', 'Brand', 'Yum! Brands'), ('131', 'Unified Twitter Taxonomy', 'S&P 500'), ('131', 'Unified Twitter Taxonomy', 'Yum! Brands'), ('109', 'Reoccurring Trends', ""Women's History Month"")}","{('Other', 'International Womenâ€™s Day')}"
71,yumbrands,False,False,1509174140359610377,2022-03-30 14:22:08+00:00,Women across our Yum! Brands family make moves every day. Learn more from some @PizzaHut U.S. restaurant general managers and area coaches on whatâ€™s most rewarding to them about working with the brand and their best advice. https://t.co/M1iiy6Jvjk,,2,0,0,,"{('131', 'Unified Twitter Taxonomy', 'Pizza Hut'), ('30', 'Entities [Entity Service]', 'Fast food Restaurants'), ('66', 'Interests and Hobbies Category', 'Cuisines'), ('30', 'Entities [Entity Service]', 'QSR - Dining'), ('47', 'Brand', 'Pizza Hut'), ('30', 'Entities [Entity Service]', 'Food'), ('152', 'Food', 'Fast food Restaurants'), ('45', 'Brand Vertical', 'Dining'), ('131', 'Unified Twitter Taxonomy', 'Yum! Brands'), ('47', 'Brand', 'Yum! Brands'), ('131', 'Unified Twitter Taxonomy', 'S&P 500')}","{('Place', 'U.S.')}"
72,yumbrands,False,False,1508903423902724096,2022-03-29 20:26:24+00:00,"Meet Kathy, a @TacoBell general manager from franchise organization Fanticola Group, and learn how she recognizes, inspires and grows her team to be the best they can be in Taco Bellâ€™s Restlessly Creative Disruptor series. https://t.co/pKUHUNpyWk",,8,1,1,,"{('30', 'Entities [Entity Service]', 'Fast food Restaurants'), ('66', 'Interests and Hobbies Category', 'Cuisines'), ('30', 'Entities [Entity Service]', 'QSR - Dining'), ('131', 'Unified Twitter Taxonomy', 'Taco Bell'), ('30', 'Entities [Entity Service]', 'Food'), ('152', 'Food', 'Fast food Restaurants'), ('47', 'Brand', 'Taco Bell'), ('45', 'Brand Vertical', 'Dining'), ('131', 'Unified Twitter Taxonomy', 'Yum! Brands'), ('47', 'Brand', 'Yum! Brands'), ('131', 'Unified Twitter Taxonomy', 'S&P 500')}","{('Other', 'Fanticola Group'), ('Person', 'Kathy'), ('Person', 'Taco Bell'), ('Other', 'Creative Disruptor')}"
73,yumbrands,False,False,1508517281734832128,2022-03-28 18:52:01+00:00,A big congrats to the @PizzaHutIN team for recently opening its first all-women operated store! Thank you for your commitment to empowering and elevating women leaders. #WomensHistoryMonth https://t.co/Y80bgXSIcT,{'WomensHistoryMonth'},5,0,2,,"{('131', 'Unified Twitter Taxonomy', 'Pizza Hut'), ('30', 'Entities [Entity Service]', 'Fast food Restaurants'), ('66', 'Interests and Hobbies Category', 'Cuisines'), ('30', 'Entities [Entity Service]', 'QSR - Dining'), ('47', 'Brand', 'Pizza Hut'), ('30', 'Entities [Entity Service]', 'Food'), ('152', 'Food', 'Fast food Restaurants'), ('45', 'Brand Vertical', 'Dining'), ('131', 'Unified Twitter Taxonomy', 'Yum! Brands'), ('47', 'Brand', 'Yum! Brands'), ('131', 'Unified Twitter Taxonomy', 'S&P 500'), ('109', 'Reoccurring Trends', ""Women's History Month"")}",
74,yumbrands,False,False,1496213375000641536,2022-02-22 20:00:41+00:00,Our focus on changemakers within our brands this month continues with a look at one @KFC U.S. employee who is unapologetically true to herself. #BlackHistoryMonth #IAmBlackHistory https://t.co/mEQCyr7pYV,"{'BlackHistoryMonth', 'IAmBlackHistory'}",53,71,3,,"{('30', 'Entities [Entity Service]', 'QSR - Dining'), ('109', 'Reoccurring Trends', 'Black History Month 2019'), ('131', 'Unified Twitter Taxonomy', 'KFC'), ('30', 'Entities [Entity Service]', 'Food'), ('152', 'Food', 'Fast food Restaurants'), ('45', 'Brand Vertical', 'Dining'), ('47', 'Brand', 'KFC'), ('29', 'Events [Entity Service]', 'Black History Month 2022'), ('119', 'Holiday', 'Black History Month 2022')}","{('Place', 'U.S.')}"
75,yumbrands,False,False,1494046804706529283,2022-02-16 20:31:30+00:00,.@TacoBell Public Relations &amp; Brand Experience Senior Manager Matt Prince founded the online community Net Net Synergy to help aspiring PR professionals discover their career paths. Learn what inspired him to connect a new generation to the world of PR: https://t.co/KGEG4xSFq1,,11,24,2,,"{('30', 'Entities [Entity Service]', 'Fast food Restaurants'), ('66', 'Interests and Hobbies Category', 'Cuisines'), ('30', 'Entities [Entity Service]', 'QSR - Dining'), ('131', 'Unified Twitter Taxonomy', 'Taco Bell'), ('30', 'Entities [Entity Service]', 'Food'), ('152', 'Food', 'Fast food Restaurants'), ('47', 'Brand', 'Taco Bell'), ('45', 'Brand Vertical', 'Dining')}","{('Person', 'Matt Prince')}"
76,yumbrands,False,False,1492145462673092616,2022-02-11 14:36:15+00:00,"Our next changemaker for #BlackHistoryMonth is Sean Tresvant, Global Chief Brand Officer at @tacobell. He recently shared his thoughts on equity, inclusion and belonging and how he is leading in this space at the Bell. #IAmBlackHistory https://t.co/rgPB1OaPCw https://t.co/M0nVcbuGP2","{'BlackHistoryMonth', 'IAmBlackHistory'}",3,12,1,,"{('30', 'Entities [Entity Service]', 'Fast food Restaurants'), ('66', 'Interests and Hobbies Category', 'Cuisines'), ('30', 'Entities [Entity Service]', 'QSR - Dining'), ('109', 'Reoccurring Trends', 'Black History Month 2019'), ('131', 'Unified Twitter Taxonomy', 'Taco Bell'), ('30', 'Entities [Entity Service]', 'Food'), ('152', 'Food', 'Fast food Restaurants'), ('47', 'Brand', 'Taco Bell'), ('45', 'Brand Vertical', 'Dining'), ('29', 'Events [Entity Service]', 'Black History Month 2022'), ('119', 'Holiday', 'Black History Month 2022')}","{('Person', 'Sean Tresvant')}"
77,yumbrands,False,False,1491524732902072322,2022-02-09 21:29:42+00:00,Our CEO David Gibbs joined @CNBC's @SquawkStreet  this morning to discuss our strong Q4 2021 and full-year earnings performance results. Watch here: https://t.co/zw69XIsrgD,,0,10,0,,"{('131', 'Unified Twitter Taxonomy', 'Business news'), ('131', 'Unified Twitter Taxonomy', 'News'), ('69', 'News Vertical', 'Business news'), ('47', 'Brand', 'CNBC')}","{('Person', 'David Gibbs')}"
78,yumbrands,False,False,1491433291593162760,2022-02-09 15:26:20+00:00,"Today we reported Q4 2021 #YumEarnings and ended the year with a couple of milestones: we developed 3,057 net-new units â€“ with meaningful contribution from each of our brands â€“ &amp; continued to grow our digital sales to a record $22B in fiscal 2021. https://t.co/0jmRpyAfVr
$YUM https://t.co/6CJBKu8BPZ",{'YumEarnings'},4,6,1,,"{('66', 'Interests and Hobbies Category', 'Personal finance'), ('65', 'Interests and Hobbies Vertical', 'Business & finance'), ('67', 'Interests and Hobbies', 'Stocks & indices')}","{('Other', 'YUM'), ('Other', 'YumEarnings')}"
79,yumbrands,False,False,1491387723839852549,2022-02-09 12:25:16+00:00,$YUM Q4 â€™21 Earnings Infographic can be found here: https://t.co/ZH4DgMqSrU https://t.co/shc41SJtiX,,4,2,1,,"{('66', 'Interests and Hobbies Category', 'Personal finance'), ('65', 'Interests and Hobbies Vertical', 'Business & finance'), ('67', 'Interests and Hobbies', 'Stocks & indices')}","{('Other', 'YUM')}"
80,yumbrands,False,False,1491385785983303680,2022-02-09 12:17:34+00:00,$YUM to host conference call for Q4 â€™21 Earnings today 2/9 at 8:15 AM ET. Listen at:  https://t.co/Lyd0HCX9Wv,,0,1,0,,"{('66', 'Interests and Hobbies Category', 'Personal finance'), ('65', 'Interests and Hobbies Vertical', 'Business & finance'), ('67', 'Interests and Hobbies', 'Stocks & indices')}","{('Organization', 'YUM')}"
81,yumbrands,False,False,1491385658912706572,2022-02-09 12:17:04+00:00,$YUM Q4 â€™21 Earnings Release can be found here: https://t.co/0jmRpyAfVr,,0,1,0,,"{('66', 'Interests and Hobbies Category', 'Personal finance'), ('65', 'Interests and Hobbies Vertical', 'Business & finance'), ('67', 'Interests and Hobbies', 'Stocks & indices')}","{('Other', 'YUM')}"
82,yumbrands,False,False,1491385538469068800,2022-02-09 12:16:35+00:00,$YUM Full-Year System Sales Growth of 13% and Record Digital Sales of $22 Billion; https://t.co/0jmRpyAfVr,,1,0,1,,"{('66', 'Interests and Hobbies Category', 'Personal finance'), ('65', 'Interests and Hobbies Vertical', 'Business & finance'), ('67', 'Interests and Hobbies', 'Stocks & indices')}","{('Organization', 'YUM')}"
83,yumbrands,False,False,1491385464968069127,2022-02-09 12:16:18+00:00,$YUM Fourth-Quarter System Sales Growth of 9% with Over $6 Billion in Digital Sales; https://t.co/0jmRpyAfVr,,1,1,0,,"{('66', 'Interests and Hobbies Category', 'Personal finance'), ('65', 'Interests and Hobbies Vertical', 'Business & finance'), ('67', 'Interests and Hobbies', 'Stocks & indices')}","{('Organization', 'YUM')}"
84,yumbrands,False,False,1491385281744113665,2022-02-09 12:15:34+00:00,"$YUM Reports Industry Record Full-Year 3,057 Net-New Units; https://t.co/0jmRpyAfVr",,1,0,1,,"{('66', 'Interests and Hobbies Category', 'Personal finance'), ('65', 'Interests and Hobbies Vertical', 'Business & finance'), ('67', 'Interests and Hobbies', 'Stocks & indices')}","{('Organization', 'YUM')}"
85,yumbrands,False,False,1491385196897538049,2022-02-09 12:15:14+00:00,$YUM Cautionary Statement on forward-looking statements &amp; non-GAAP measures can be found here: https://t.co/2LTUyXcFM0,,1,0,0,,"{('66', 'Interests and Hobbies Category', 'Personal finance'), ('65', 'Interests and Hobbies Vertical', 'Business & finance'), ('67', 'Interests and Hobbies', 'Stocks & indices')}","{('Organization', 'YUM')}"
86,yumbrands,False,False,1489249498387959811,2022-02-03 14:48:43+00:00,"Weâ€™re partnering with @UofL and @HowardU to introduce the Yum! Franchise Accelerator, granting 10 students unprecedented access to Yum! and a chance to become a @KFC, @PizzaHut, @TacoBell or @HabitBurger franchisee. Learn more: https://t.co/YmFdbwilHk https://t.co/A5hCkqiSuA",,33,8,6,,"{('131', 'Unified Twitter Taxonomy', 'Pizza Hut'), ('30', 'Entities [Entity Service]', 'Fast food Restaurants'), ('66', 'Interests and Hobbies Category', 'Cuisines'), ('30', 'Entities [Entity Service]', 'QSR - Dining'), ('47', 'Brand', 'Pizza Hut'), ('131', 'Unified Twitter Taxonomy', 'Taco Bell'), ('131', 'Unified Twitter Taxonomy', 'KFC'), ('30', 'Entities [Entity Service]', 'Food'), ('152', 'Food', 'Fast food Restaurants'), ('47', 'Brand', 'Taco Bell'), ('45', 'Brand Vertical', 'Dining'), ('47', 'Brand', 'KFC')}","{('Other', 'Yum'), ('Other', 'Franchise Accelerator')}"
87,yumbrands,False,False,1488976590608478212,2022-02-02 20:44:17+00:00,"This #BlackHistoryMonth, weâ€™re highlighting changemakers within our brands and weâ€™re starting with Elias Oxendine. Elias is at the forefront of protecting our information and is passionate about developing talent that will bring more diverse voices into information security. https://t.co/KyFfNXHVxD",{'BlackHistoryMonth'},3,3,0,,"{('109', 'Reoccurring Trends', 'Black History Month 2019'), ('30', 'Entities [Entity Service]', 'Information security'), ('29', 'Events [Entity Service]', 'Black History Month 2022'), ('131', 'Unified Twitter Taxonomy', 'Information security'), ('30', 'Entities [Entity Service]', 'Technology'), ('119', 'Holiday', 'Black History Month 2022')}","{('Person', 'Elias Oxendine'), ('Person', 'Elias')}"
88,yumbrands,False,False,1488611035384791042,2022-02-01 20:31:42+00:00,"This February, Yum! Brands is celebrating #BlackHistoryMonth and the modern day changemakers at our company who are creating history and contributing to our iconic brands. Join us for our #IAmBlackHistory series and hear from these trailblazers. https://t.co/hj4d8PvG0I","{'BlackHistoryMonth', 'IAmBlackHistory'}",4,2,3,,"{('119', 'Holiday', 'Black History Month 2022'), ('29', 'Events [Entity Service]', 'Black History Month 2022'), ('109', 'Reoccurring Trends', 'Black History Month 2019')}","{('Other', 'IAmBlackHistory')}"
89,yumbrands,False,False,1488552692653903879,2022-02-01 16:39:52+00:00,"Happy Lunar New Year! We wish you all great health and prosperity in the new year. From the U.S. to Singapore, read how some of our people are celebrating Lunar New Year across the world. #LunarNewYear https://t.co/kTCYj1Q5NB",{'LunarNewYear'},2,4,0,,"{('131', 'Unified Twitter Taxonomy', 'Holidays'), ('29', 'Events [Entity Service]', 'Chinese New Year'), ('29', 'Events [Entity Service]', 'Happy New Year'), ('119', 'Holiday', 'Happy New Year'), ('131', 'Unified Twitter Taxonomy', 'Cultural events'), ('29', 'Events [Entity Service]', 'People celebrate Lunar New Year'), ('119', 'Holiday', 'New Years Eve'), ('29', 'Events [Entity Service]', 'New Years Eve'), ('131', 'Unified Twitter Taxonomy', 'Events'), ('131', 'Unified Twitter Taxonomy', 'Chinese New Year')}","{('Place', 'Singapore'), ('Other', 'LunarNewYear'), ('Place', 'U.S.')}"
90,yumbrands,False,False,1483928649489334278,2022-01-19 22:25:34+00:00,Congrats to Yum! Head of Global Franchising Wanda Williams &amp; @PizzaHut U.S. Chief Operating Officer Chequan Lewis for making the @NRNOnlineâ€™s 2022 Power List! https://t.co/Y0VhaskPWn #NRNPowerList https://t.co/TcE7j7tn4k,{'NRNPowerList'},6,2,2,,"{('131', 'Unified Twitter Taxonomy', 'Pizza Hut'), ('30', 'Entities [Entity Service]', 'Fast food Restaurants'), ('66', 'Interests and Hobbies Category', 'Cuisines'), ('30', 'Entities [Entity Service]', 'QSR - Dining'), ('47', 'Brand', 'Pizza Hut'), ('30', 'Entities [Entity Service]', 'Food'), ('152', 'Food', 'Fast food Restaurants'), ('45', 'Brand Vertical', 'Dining')}","{('Other', 'Yum'), ('Organization', 'U.S.'), ('Organization', 'NRNPowerList'), ('Person', 'Wanda Williams'), ('Other', 'Chequan Lewis')}"
91,yumbrands,False,False,1483157774674677763,2022-01-17 19:22:23+00:00,"As we honor the legacy of Dr. Martin Luther King, Jr., Yum! reaffirms our commitment to serving our communities around the world and supporting causes that aim to build a better future, all in line with our Recipe for Good. https://t.co/LFstogu1jK #MLKDay",{'MLKDay'},3,1,1,,"{('131', 'Unified Twitter Taxonomy', 'Politics'), ('131', 'Unified Twitter Taxonomy', 'Holidays'), ('131', 'Unified Twitter Taxonomy', 'Political figures'), ('10', 'Person', 'Martin Luther King Jr.'), ('10', 'Person', 'Curtis M. Loftis, Jr.'), ('131', 'Unified Twitter Taxonomy', 'Martin Luther King Jr.'), ('29', 'Events [Entity Service]', 'Martin Luther King Jr. Day'), ('119', 'Holiday', 'Martin Luther King Jr. Day'), ('35', 'Politician', 'Martin Luther King Jr.'), ('131', 'Unified Twitter Taxonomy', 'Curtis M. Loftis, Jr.'), ('35', 'Politician', 'Curtis M. Loftis, Jr.'), ('29', 'Events [Entity Service]', ""It's Martin Luther King Jr. Day""), ('131', 'Unified Twitter Taxonomy', 'Events')}","{('Person', 'Martin Luther King'), ('Person', 'MLKDay')}"
92,yumbrands,False,False,1482017246562168835,2022-01-14 15:50:20+00:00,Sending a big congratulations to these Yum! employees honored by HYPE â€“ our young professional employee resource group â€“ which has named them to its 35 Under 35 list for continuing to find creative ways to elevate our inclusive culture. https://t.co/fUrZdcDv04,,8,1,1,,,"{('Other', 'Yum'), ('Organization', 'HYPE')}"
93,yumbrands,False,False,1481724208187064321,2022-01-13 20:25:54+00:00,"Our brands continue to be REDâ€”relevant, easy &amp; distinctiveâ€”with the launch of @TacoBellâ€™s subscription service, @KFCâ€™s rollout of the first plant-based fried chicken in the U.S. &amp; @PizzaHutCanada offering @BeyondMeat Sausage Crumbles throughout the nation! https://t.co/xgjh8B4Txp",,2,2,0,,"{('30', 'Entities [Entity Service]', 'Fast food Restaurants'), ('66', 'Interests and Hobbies Category', 'Cuisines'), ('30', 'Entities [Entity Service]', 'QSR - Dining'), ('131', 'Unified Twitter Taxonomy', 'Taco Bell'), ('131', 'Unified Twitter Taxonomy', 'KFC'), ('30', 'Entities [Entity Service]', 'Food'), ('152', 'Food', 'Fast food Restaurants'), ('47', 'Brand', 'Taco Bell'), ('45', 'Brand Vertical', 'Dining'), ('47', 'Brand', 'KFC')}","{('Other', 'Sausage Crumbles'), ('Place', 'U.S.')}"
94,yumbrands,False,False,1481660527705214981,2022-01-13 16:12:52+00:00,"In collaboration w/@UofL, the Yum! Center for Global Franchise Excellence is on a mission to provide education &amp; resources to drive entrepreneurial opportunities, particularly for people of color &amp; women. Hear from the next generation of franchise leaders: https://t.co/ZCNOKaNWKx",,2,0,0,,,"{('Other', 'Global Franchise Excellence')}"
95,yumbrands,False,False,1478745003732185094,2022-01-05 15:07:37+00:00,Our Chief Operating Officer &amp; Chief People Officer spoke with @NYSE to discuss our Recipe for Growth &amp; Good and how weâ€™re approaching the future.  https://t.co/MM4RPU55sI https://t.co/0vWyrUfGKk,,7,0,1,"{(1478002206020362243, 'quoted')}",,
96,yumbrands,False,False,1472990289975558144,2021-12-20 18:00:26+00:00,"Climate action is at the center of our #sustainability strategy. We have a long history of building positive momentum in this area, which was demonstrated once more by our recent #CDP Climate score.   

Read more about our journey and disclosure here: https://t.co/P98SNj6ZIc","{'CDP', 'sustainability'}",5,2,1,,"{('131', 'Unified Twitter Taxonomy', 'Climate change')}","{('Organization', 'CDP')}"
97,yumbrands,False,False,1470518721290682374,2021-12-13 22:19:18+00:00,"To support tornado relief efforts in our home state of Kentucky and the surrounding states, Yum! and @KFC, with help from superstar and Kentucky native Jack Harlow, are making a combined $250,000 donation to the American @RedCross. Lend your support at https://t.co/9GdgNvONl4.",,1,1,2,,"{('55', 'Music Genre', 'Hip hop'), ('30', 'Entities [Entity Service]', 'QSR - Dining'), ('131', 'Unified Twitter Taxonomy', 'Hip hop'), ('131', 'Unified Twitter Taxonomy', 'KFC'), ('30', 'Entities [Entity Service]', 'Non-profit - Government/Education'), ('131', 'Unified Twitter Taxonomy', 'Fast food Restaurants'), ('47', 'Brand', 'American Red Cross'), ('30', 'Entities [Entity Service]', 'Food'), ('131', 'Unified Twitter Taxonomy', 'Music'), ('55', 'Music Genre', 'Rap'), ('45', 'Brand Vertical', 'Dining'), ('47', 'Brand', 'KFC'), ('131', 'Unified Twitter Taxonomy', 'Rap'), ('10', 'Person', 'Jack Harlow'), ('54', 'Musician', 'Jack Harlow'), ('45', 'Brand Vertical', 'Government/Education'), ('131', 'Unified Twitter Taxonomy', 'Jack Harlow')}","{('Person', 'Jack Harlow'), ('Place', 'Kentucky'), ('Place', 'Yum')}"
98,yumbrands,False,False,1466446942788018179,2021-12-02 16:39:31+00:00,We're so proud to be listed among America's Most Responsible Companies by @Newsweek. It's great recognition of our efforts and commitments that make up our Recipe for Good. https://t.co/XU7blcoFfH,,4,5,1,,"{('47', 'Brand', 'Newsweek')}","{('Place', 'America')}"
99,yumbrands,False,False,1466161614156095497,2021-12-01 21:45:43+00:00,"From making business decisions to hiking a mountain, Hulan Dashdavaa is not afraid of a challenge. Learn how she overcame hurdles to introduce KFC and Pizza Hut to Mongolia &amp; the work sheâ€™s doing to help more women find their way to the top. https://t.co/RJU5JvNoHU",,3,1,0,,"{('131', 'Unified Twitter Taxonomy', 'Pizza Hut'), ('30', 'Entities [Entity Service]', 'Fast food Restaurants'), ('66', 'Interests and Hobbies Category', 'Cuisines'), ('30', 'Entities [Entity Service]', 'Travel'), ('30', 'Entities [Entity Service]', 'QSR - Dining'), ('47', 'Brand', 'Pizza Hut'), ('131', 'Unified Twitter Taxonomy', 'KFC'), ('131', 'Unified Twitter Taxonomy', 'Fast food Restaurants'), ('30', 'Entities [Entity Service]', 'Food'), ('45', 'Brand Vertical', 'Dining'), ('47', 'Brand', 'KFC'), ('67', 'Interests and Hobbies', 'Travel Actions')}","{('Organization', 'KFC'), ('Other', 'Pizza Hut'), ('Person', 'Hulan Dashdavaa'), ('Place', 'Mongolia')}"
100,yumbrands,False,False,1465422413928271876,2021-11-29 20:48:24+00:00,"Pizza Hut International Chief Transformation Officer Courtney Vogel talks to @ModernRetail about the brandâ€™s latest global mobile gaming campaign, Pizza Pursuit, and how it stays relevant and engaging to pizza lovers around the world. https://t.co/8TB9llyDVp",,4,0,2,,"{('131', 'Unified Twitter Taxonomy', 'Pizza Hut'), ('30', 'Entities [Entity Service]', 'Fast food Restaurants'), ('66', 'Interests and Hobbies Category', 'Cuisines'), ('30', 'Entities [Entity Service]', 'Mobile gaming'), ('30', 'Entities [Entity Service]', 'QSR - Dining'), ('47', 'Brand', 'Pizza Hut'), ('131', 'Unified Twitter Taxonomy', 'Console gaming'), ('79', 'Video Game Hardware', 'Mobile gaming'), ('131', 'Unified Twitter Taxonomy', 'Gaming'), ('131', 'Unified Twitter Taxonomy', 'Fast food Restaurants'), ('30', 'Entities [Entity Service]', 'Food'), ('131', 'Unified Twitter Taxonomy', 'Mobile gaming'), ('45', 'Brand Vertical', 'Dining'), ('65', 'Interests and Hobbies Vertical', 'Family & relationships')}","{('Other', 'Pizza Hut International'), ('Other', 'Pizza Pursuit'), ('Person', 'Courtney Vogel')}"
101,yumbrands,False,False,1463212886646575115,2021-11-23 18:28:32+00:00,See how one #KFCSuperfan turned her recycled KFC packaging into a beautifully designed dress. https://t.co/e1nBualCLy @KFCSA,{'KFCSuperfan'},4,1,0,,"{('30', 'Entities [Entity Service]', 'QSR - Dining'), ('131', 'Unified Twitter Taxonomy', 'KFC'), ('131', 'Unified Twitter Taxonomy', 'Fast food Restaurants'), ('30', 'Entities [Entity Service]', 'Food'), ('45', 'Brand Vertical', 'Dining'), ('47', 'Brand', 'KFC')}","{('Organization', 'KFC'), ('Organization', 'KFCSuperfan')}"
102,yumbrands,False,False,1460370424324370444,2021-11-15 22:13:36+00:00,"KFC Global CFO Shannon Hennessy is a powerful advocate for all. Whether itâ€™s championing women or taking charge of her career, she is a shining example of the changemaking leadership we have at Yum! Read about her in our latest edition of #HowIGotHere https://t.co/z6W7uzL4hB",{'HowIGotHere'},5,3,0,,"{('30', 'Entities [Entity Service]', 'QSR - Dining'), ('131', 'Unified Twitter Taxonomy', 'KFC'), ('131', 'Unified Twitter Taxonomy', 'Fast food Restaurants'), ('30', 'Entities [Entity Service]', 'Food'), ('45', 'Brand Vertical', 'Dining'), ('47', 'Brand', 'KFC')}","{('Organization', 'KFC'), ('Other', 'Yum'), ('Person', 'Shannon Hennessy')}"
103,yumbrands,False,False,1459252713062023171,2021-11-12 20:12:13+00:00,A big congratulations to @KFC_UKI Chief People Officer Neil Piper for being named to the 2021 OUTstanding LGBT+ Role Model List. https://t.co/P4hU1ec4rZ #OUTRoleModels21 https://t.co/m9XHDiBKjL,{'OUTRoleModels21'},1,2,0,,"{('30', 'Entities [Entity Service]', 'QSR - Dining'), ('131', 'Unified Twitter Taxonomy', 'KFC'), ('131', 'Unified Twitter Taxonomy', 'Fast food Restaurants'), ('30', 'Entities [Entity Service]', 'Food'), ('45', 'Brand Vertical', 'Dining'), ('47', 'Brand', 'KFC')}","{('Person', 'Neil Piper'), ('Place', 'LGBT')}"
104,yumbrands,False,False,1458439823614693377,2021-11-10 14:22:05+00:00,Our brands around the world are making progress toward our climate commitment to net-zero by 2050. We strive to make positive impact for our planet and achieve #netzero carbon emissions together alongside various members across industries. #RaceToZero,"{'RaceToZero', 'netzero'}",11,3,2,,"{('131', 'Unified Twitter Taxonomy', 'Climate change'), ('29', 'Events [Entity Service]', 'Your Backdoor To COP26')}","{('Other', 'netzero')}"
105,yumbrands,False,False,1455977191787933709,2021-11-03 19:16:27+00:00,"This morning, @KFC_UKI hosted a roundtable @COP26 where they shared their goal to be #netzero by 2040. They also revealed a new KFC Zero Carbon Restaurant in partnership w/ University of Liverpoolâ€™s Zero Carbon Research Institute. https://t.co/MTGZ1xTIpO
#RacetoZero #COP26","{'RacetoZero', 'COP26', 'netzero'}",5,1,1,,"{('131', 'Unified Twitter Taxonomy', 'Climate change'), ('30', 'Entities [Entity Service]', 'QSR - Dining'), ('131', 'Unified Twitter Taxonomy', 'KFC'), ('131', 'Unified Twitter Taxonomy', 'Fast food Restaurants'), ('30', 'Entities [Entity Service]', 'Food'), ('45', 'Brand Vertical', 'Dining'), ('47', 'Brand', 'KFC'), ('29', 'Events [Entity Service]', 'Your Backdoor To COP26'), ('29', 'Events [Entity Service]', 'UN Climate Change Conference 2021 kicks off on October 31 ðŸŒ'), ('29', 'Events [Entity Service]', 'The UN Climate Change Conference 2021 has started ðŸŒ')}","{('Other', 'KFC Zero Carbon Restaurant'), ('Other', 'Zero Carbon Research Institute'), ('Organization', 'University of Liverpool'), ('Other', 'netzero'), ('Other', 'COP26')}"
